id,title,text,rating,country,author,created_at,cleaned_text
10891021844,"Good for daily horoscope, but readings feel rooted in greed.","This app is very well made, and it is great for the daily horoscope and other information like your birth charts and much more information about you. However, I feel as if the prices for the readings are rooted in greed, and the paywall would be best for those making $100,000 per year or more. You get 3 minutes for free then every minute is 30-60 pts. 10 points is the equivalent of $1. So a ten minute conversation by text will cost you roughly $30. Not to mention the reading people will be on and off the conversation sometimes so you are occasionally paying while they are talking to someone else. This is definitely a critical issue. They need to rearrange the app to where you can schedule a 15ish minute reading for a reasonable price and have the reader exclusively. Some readers go up to 60 pts or $6 dollars a minute. I have local readings at a place that charges about $70 for 30 minutes. So I certainly feel like the prices on the app are quite excessive in my opinion. They are also basically sales people as random readers text me in the app every day to chat with them for money per minute. Decent app but a minute goes by instantly and it can take 2 minutes for them to even respond or look at your question.",3,us,Bavis98,2024-02-02T02:55:18Z,"Good for daily horoscope, but readings feel rooted in greed.. This app is very well made, and it is great for the daily horoscope and other information like your birth charts and much more information about you. However, I feel as if the prices for the readings are rooted in greed, and the paywall would be best for those making $100,000 per year or more. You get 3 minutes for free then every minute is 30-60 pts. 10 points is the equivalent of $1. So a ten minute conversation by text will cost you roughly $30. Not to mention the reading people will be on and off the conversation sometimes so you are occasionally paying while they are talking to someone else. This is definitely a critical issue. They need to rearrange the app to where you can schedule a 15ish minute reading for a reasonable price and have the reader exclusively. Some readers go up to 60 pts or $6 dollars a minute. I have local readings at a place that charges about $70 for 30 minutes. So I certainly feel like the prices on the app are quite excessive in my opinion. They are also basically sales people as random readers text me in the app every day to chat with them for money per minute. Decent app but a minute goes by instantly and it can take 2 minutes for them to even respond or look at your question."
4894694860,Anna,"Crazy accurate!!! I am not sure who writes these or how they come up with them but it's almost crazy how accurate they are sometimes!! I'm usually not one of those swear by astrology sign type of people but this app really describes what I am going through most of the time and it gives you positive hope. And I even once had an appointment with an astrologer who was supposed to help me solve some of my personal issues, and that was of course a different experience. But for those who haven’t seen real astrologers, this app is the closest to it I’ve ever seen And I can tell you for sure that with the help of the stars you can find out the most important numbers in your life, which tattoo should people of your sign do, when is the best moon for a new haircut, and a lot more. And this app is great about it, it gives you so many tips from different parts of your life, that with the personal astrologer you’d have to pay a fortune for that! So this app ain’t be cheap, but the price for this detailed info is more than acceptable. But that’s only for people who care about real astrology, for those who should just read some random predictions, framed as your horoscope - go on with free apps. I don’t believe there would be people doing so much work to prepare horoscopes for free. So I definitely recommend this app to anyone I know who is at least a bit interested in astrology, thank you for making this app so great!",5,us,Uz3-155-597,2019-10-05T23:30:44Z,"Anna. Crazy accurate!!! I am not sure who writes these or how they come up with them but it's almost crazy how accurate they are sometimes!! I'm usually not one of those swear by astrology sign type of people but this app really describes what I am going through most of the time and it gives you positive hope. And I even once had an appointment with an astrologer who was supposed to help me solve some of my personal issues, and that was of course a different experience. But for those who haven’t seen real astrologers, this app is the closest to it I’ve ever seen And I can tell you for sure that with the help of the stars you can find out the most important numbers in your life, which tattoo should people of your sign do, when is the best moon for a new haircut, and a lot more. And this app is great about it, it gives you so many tips from different parts of your life, that with the personal astrologer you’d have to pay a fortune for that! So this app ain’t be cheap, but the price for this detailed info is more than acceptable. But that’s only for people who care about real astrology, for those who should just read some random predictions, framed as your horoscope - go on with free apps. I don’t believe there would be people doing so much work to prepare horoscopes for free. So I definitely recommend this app to anyone I know who is at least a bit interested in astrology, thank you for making this app so great!"
12190264147,Do not use this app,"This app is a scam and deceptive. They said you are trying a free trial. There is no way to see if you have a subscription in app or on web. I contacted support to cancel they send you a bot to try to talk too. They send you a link to cancel through Apple purchases, but they don’t show the trial at all until they sneakily charge you 45 dollars multiple times. It set off a fraud alert on my card and had to cancel it. I won’t have access to my bank account for over a week now until I get a new card. The customer service I finally did talk to were extremely rude and unhelpful. Saying that by taking any quiz you agreed to a 45 dollar charge and failed to cancel. Again sent me links to cancel, which I had already tried to do on my own the day I downloaded. There was in fact later a message saying I couldn’t cancel until my subscription was active. It wasn’t active until they sneak in the 45 dollar charge. This company is deceptive. I reported them fraudulent. I called Apple to deal with it and they had no proof I signed up for this subscription through Apple Pay. If I could give 0 stars I would. This is absolutely a scam. The “psychic” I messaged to cancel said they are sorry and paid so they have nothing to do with the app. TLDR: BEWARE DO NOT USE THIS APP IT CHARGES YOU FOR EVERYTHING WITHOUT WARNING AND YOU CANNOT CANCEL UNTIL THEY GET MULTIPLE CHARGES OF 45 DOLLARS FROM YOU.",1,us,d136637,2025-01-16T07:35:08Z,"Do not use this app. This app is a scam and deceptive. They said you are trying a free trial. There is no way to see if you have a subscription in app or on web. I contacted support to cancel they send you a bot to try to talk too. They send you a link to cancel through Apple purchases, but they don’t show the trial at all until they sneakily charge you 45 dollars multiple times. It set off a fraud alert on my card and had to cancel it. I won’t have access to my bank account for over a week now until I get a new card. The customer service I finally did talk to were extremely rude and unhelpful. Saying that by taking any quiz you agreed to a 45 dollar charge and failed to cancel. Again sent me links to cancel, which I had already tried to do on my own the day I downloaded. There was in fact later a message saying I couldn’t cancel until my subscription was active. It wasn’t active until they sneak in the 45 dollar charge. This company is deceptive. I reported them fraudulent. I called Apple to deal with it and they had no proof I signed up for this subscription through Apple Pay. If I could give 0 stars I would. This is absolutely a scam. The “psychic” I messaged to cancel said they are sorry and paid so they have nothing to do with the app. TLDR: BEWARE DO NOT USE THIS APP IT CHARGES YOU FOR EVERYTHING WITHOUT WARNING AND YOU CANNOT CANCEL UNTIL THEY GET MULTIPLE CHARGES OF 45 DOLLARS FROM YOU."
4761806406,An error right away?,"So my birthday is August 23rd, which I know is on a cusp. However, in the app it says August 23rd is a Virgo, yet it says I am a Leo in the app. I understand the whole cusp thing gives me qualities of both, but in the app it lists the beginning of Virgo as August 23rd, but yet it categorizes me as a Leo, which ends the 22nd? I definitely listed my birthday correctly. I don’t understand why it would categorize me as a Leo, when even in the app it begins Virgo on the 23rd? Is it a fluke? If you’re going to categorize me as a Leo, then at least change the dates you categorize with so there is at least an explanation. Don’t categorize me as a Leo, but then say Virgos start on the 23rd when you won’t even categorize me as a Virgo. 

As for the app itself. The daily horoscopes are nice and even though it categorized me as a Leo instead of a Virgo, I was happy that I could still view the Virgo horoscope. As for the other features, you would have to pay to get anything else out of the app. Yes you get a free compatibility report, just one, if you wanted to try another you’d have to subscribe and pay. 

Honestly, I wish I could get past the Leo/Virgo issue I had, but it really bothers me and I think I’m going to have to delete the app. Please update your dates or fix the issue of having August 23rd-ers categorized as Leos when even in the app it says August 23rd is a Virgo.",2,us,Ek2327,2019-09-11T16:41:27Z,"An error right away?. So my birthday is August 23rd, which I know is on a cusp. However, in the app it says August 23rd is a Virgo, yet it says I am a Leo in the app. I understand the whole cusp thing gives me qualities of both, but in the app it lists the beginning of Virgo as August 23rd, but yet it categorizes me as a Leo, which ends the 22nd? I definitely listed my birthday correctly. I don’t understand why it would categorize me as a Leo, when even in the app it begins Virgo on the 23rd? Is it a fluke? If you’re going to categorize me as a Leo, then at least change the dates you categorize with so there is at least an explanation. Don’t categorize me as a Leo, but then say Virgos start on the 23rd when you won’t even categorize me as a Virgo. As for the app itself. The daily horoscopes are nice and even though it categorized me as a Leo instead of a Virgo, I was happy that I could still view the Virgo horoscope. As for the other features, you would have to pay to get anything else out of the app. Yes you get a free compatibility report, just one, if you wanted to try another you’d have to subscribe and pay. Honestly, I wish I could get past the Leo/Virgo issue I had, but it really bothers me and I think I’m going to have to delete the app. Please update your dates or fix the issue of having August 23rd-ers categorized as Leos when even in the app it says August 23rd is a Virgo."
12825163983,Do not buy into this!,"I am an empath so I do respect that these “psychics” are trying to connect with people.. but I just added $10 to my account so I could chat with one of them just to let her know that none of them really tapped into my personal energy, bc had they, they wouldn’t of asked about my love life or my career.   But as soon as I did, I guess the previous unseen chats were made visible (even though I could and have already read them) they charged my account for it.  So I got exactly one sentence out and that was it.  They charge $3.99/min and UP for these psychics to say “hello” and “ connecting to your energy” all the while taking up minutes that you have paid for.  A real intuitive, or empath, or “psychic” as they call themselves, wouldn’t need to ask.   Speaking as an empath myself, if you are legit, you just know.  Either you get a feeling, or your guides give you images to discern from.  Yes, they can give you basic info or tell you your horoscope, but you can do that yourself with a deck of tarot cards  This app is taking advantage of people who are honestly curious about their lives and taking advantage of their wallets.  If you’re going to pay money, find someone who can see you in person or someone with a good reputation.  You might have to wait and pay more, but at least you’ll be getting someone real.  Not saying all the psychics on here aren’t real, it’s just too easy to waste minutes on basic info.  That’s where they get you.  Don’t fall for it.  Much love and light to all of you.  I hope you find what you are looking for and I hope that God blesses you with the answers you seek.  ❤️❤️❤️",2,us,AmyCakes 51679,2025-06-27T23:01:07Z,"Do not buy into this!. I am an empath so I do respect that these “psychics” are trying to connect with people.. but I just added $10 to my account so I could chat with one of them just to let her know that none of them really tapped into my personal energy, bc had they, they wouldn’t of asked about my love life or my career. But as soon as I did, I guess the previous unseen chats were made visible (even though I could and have already read them) they charged my account for it. So I got exactly one sentence out and that was it. They charge $3.99/min and UP for these psychics to say “hello” and “ connecting to your energy” all the while taking up minutes that you have paid for. A real intuitive, or empath, or “psychic” as they call themselves, wouldn’t need to ask. Speaking as an empath myself, if you are legit, you just know. Either you get a feeling, or your guides give you images to discern from. Yes, they can give you basic info or tell you your horoscope, but you can do that yourself with a deck of tarot cards This app is taking advantage of people who are honestly curious about their lives and taking advantage of their wallets. If you’re going to pay money, find someone who can see you in person or someone with a good reputation. You might have to wait and pay more, but at least you’ll be getting someone real. Not saying all the psychics on here aren’t real, it’s just too easy to waste minutes on basic info. That’s where they get you. Don’t fall for it. Much love and light to all of you. I hope you find what you are looking for and I hope that God blesses you with the answers you seek. ❤️❤️❤️"
